<?xml version="1.0" encoding="UTF-8"?>
<project-private xmlns="http://www.netbeans.org/ns/project-private/1">
    <editor-bookmarks xmlns="http://www.netbeans.org/ns/editor-bookmarks/2" lastBookmarkId="0"/>
    <open-files xmlns="http://www.netbeans.org/ns/projectui-open-files/2">
        <group>
            <file>file:/C:/Users/onur/Desktop/is%20guc/Syracuse/GameEngine/src/gameengine/GameElementClasses/Butchery.java</file>
            <file>file:/C:/Users/onur/Desktop/is%20guc/Syracuse/GameEngine/src/gameengine/GameElementClasses/Fishery.java</file>
            <file>file:/C:/Users/onur/Desktop/is%20guc/Syracuse/GameEngine/src/gameengine/GameElementClasses/TradeOffer.java</file>
            <file>file:/C:/Users/onur/Desktop/is%20guc/Syracuse/GameEngine/src/CurrentGameMemory/BuildingsOfSyracuse.java</file>
            <file>file:/C:/Users/onur/Desktop/is%20guc/Syracuse/GameEngine/src/gameengine/GameElementClasses/Parthenon.java</file>
            <file>file:/C:/Users/onur/Desktop/is%20guc/Syracuse/GameEngine/src/gameengine/GameElementClasses/Tailor.java</file>
            <file>file:/C:/Users/onur/Desktop/is%20guc/Syracuse/GameEngine/src/gameengine/GameElementClasses/House.java</file>
            <file>file:/C:/Users/onur/Desktop/is%20guc/Syracuse/GameEngine/src/gameengine/GameElementClasses/Monument.java</file>
            <file>file:/C:/Users/onur/Desktop/is%20guc/Syracuse/GameEngine/src/gameengine/GameElementClasses/Wonder.java</file>
            <file>file:/C:/Users/onur/Desktop/is%20guc/Syracuse/GameEngine/src/gameengine/GameElementClasses/WorkBuilding.java</file>
            <file>file:/C:/Users/onur/Desktop/is%20guc/Syracuse/GameEngine/src/gameengine/GameElementClasses/Shrine.java</file>
            <file>file:/C:/Users/onur/Desktop/is%20guc/Syracuse/GameEngine/src/gameengine/GameElementClasses/Temple.java</file>
            <file>file:/C:/Users/onur/Desktop/is%20guc/Syracuse/GameEngine/src/gameengine/GameElementClasses/Theatre.java</file>
            <file>file:/C:/Users/onur/Desktop/is%20guc/Syracuse/GameEngine/src/CurrentGameMemory/Game.java</file>
            <file>file:/C:/Users/onur/Desktop/is%20guc/Syracuse/GameEngine/src/gameengine/GameElementClasses/GeneralHeadquarter.java</file>
            <file>file:/C:/Users/onur/Desktop/is%20guc/Syracuse/GameEngine/src/gameengine/GameElementClasses/PotteryMaker.java</file>
            <file>file:/C:/Users/onur/Desktop/is%20guc/Syracuse/GameEngine/src/gameengine/GameElementClasses/WeaponMaker.java</file>
            <file>file:/C:/Users/onur/Desktop/is%20guc/Syracuse/GameEngine/src/gameengine/GameElementClasses/StatueOfZeus.java</file>
            <file>file:/C:/Users/onur/Desktop/is%20guc/Syracuse/GameEngine/src/CurrentGameMemory/Places.java</file>
            <file>file:/C:/Users/onur/Desktop/is%20guc/Syracuse/GameEngine/src/gameengine/GameElementClasses/OilPresser.java</file>
            <file>file:/C:/Users/onur/Desktop/is%20guc/Syracuse/GameEngine/src/gameengine/GameElementClasses/LightHouse.java</file>
            <file>file:/C:/Users/onur/Desktop/is%20guc/Syracuse/GameEngine/src/gameengine/GameElementClasses/Mill.java</file>
            <file>file:/C:/Users/onur/Desktop/is%20guc/Syracuse/GameEngine/src/gameengine/GameElementClasses/LumberMerchant.java</file>
            <file>file:/C:/Users/onur/Desktop/is%20guc/Syracuse/GameEngine/src/gameengine/GameElementClasses/Building.java</file>
            <file>file:/C:/Users/onur/Desktop/is%20guc/Syracuse/GameEngine/src/gameengine/GameElementClasses/MarbleCutter.java</file>
            <file>file:/C:/Users/onur/Desktop/is%20guc/Syracuse/GameEngine/src/gameengine/GameElementClasses/FabricMerchant.java</file>
            <file>file:/C:/Users/onur/Desktop/is%20guc/Syracuse/GameEngine/src/gameengine/GameElementClasses/TradeShipment.java</file>
            <file>file:/C:/Users/onur/Desktop/is%20guc/Syracuse/GameEngine/src/gameengine/GameElementClasses/PigFarm.java</file>
            <file>file:/C:/Users/onur/Desktop/is%20guc/Syracuse/GameEngine/src/gameengine/GameElementClasses/Academy.java</file>
            <file>file:/C:/Users/onur/Desktop/is%20guc/Syracuse/GameEngine/src/gameengine/GameManagers/ForeignManager.java</file>
            <file>file:/C:/Users/onur/Desktop/is%20guc/Syracuse/GameEngine/src/gameengine/GameElementClasses/GrapeJuiceDistillery.java</file>
            <file>file:/C:/Users/onur/Desktop/is%20guc/Syracuse/GameEngine/src/gameengine/GameElementClasses/Stable.java</file>
            <file>file:/C:/Users/onur/Desktop/is%20guc/Syracuse/GameEngine/src/gameengine/GameElementClasses/SlaveTrader.java</file>
            <file>file:/C:/Users/onur/Desktop/is%20guc/Syracuse/GameEngine/src/gameengine/GameManagers/PopulationManager.java</file>
            <file>file:/C:/Users/onur/Desktop/is%20guc/Syracuse/GameEngine/src/gameengine/GameElementClasses/Mansion.java</file>
            <file>file:/C:/Users/onur/Desktop/is%20guc/Syracuse/GameEngine/src/gameengine/GameElementClasses/Armory.java</file>
            <file>file:/C:/Users/onur/Desktop/is%20guc/Syracuse/GameEngine/src/gameengine/GameManagers/MaterialAndHappinessManager.java</file>
            <file>file:/C:/Users/onur/Desktop/is%20guc/Syracuse/GameEngine/src/gameengine/GameElementClasses/ProductionBuilding.java</file>
            <file>file:/C:/Users/onur/Desktop/is%20guc/Syracuse/GameEngine/src/gameengine/GameElementClasses/HousingBuilding.java</file>
            <file>file:/C:/Users/onur/Desktop/is%20guc/Syracuse/GameEngine/src/gameengine/GameElementClasses/Colossus.java</file>
            <file>file:/C:/Users/onur/Desktop/is%20guc/Syracuse/GameEngine/src/gameengine/GameElementClasses/Agora.java</file>
            <file>file:/C:/Users/onur/Desktop/is%20guc/Syracuse/GameEngine/src/gameengine/GameElementClasses/Shipyard.java</file>
            <file>file:/C:/Users/onur/Desktop/is%20guc/Syracuse/GameEngine/src/gameengine/GameElementClasses/PublicBath.java</file>
            <file>file:/C:/Users/onur/Desktop/is%20guc/Syracuse/GameEngine/src/gameengine/GameElementClasses/Courthouse.java</file>
            <file>file:/C:/Users/onur/Desktop/is%20guc/Syracuse/GameEngine/src/gameengine/GameElementClasses/Forge.java</file>
            <file>file:/C:/Users/onur/Desktop/is%20guc/Syracuse/GameEngine/src/gameengine/GameElementClasses/StorageBuilding.java</file>
            <file>file:/C:/Users/onur/Desktop/is%20guc/Syracuse/GameEngine/src/gameengine/GameManagers/BuildingManager.java</file>
            <file>file:/C:/Users/onur/Desktop/is%20guc/Syracuse/GameEngine/src/gameengine/GameElementClasses/Jeweler.java</file>
            <file>file:/C:/Users/onur/Desktop/is%20guc/Syracuse/GameEngine/src/gameengine/GameElementClasses/GlassMaker.java</file>
            <file>file:/C:/Users/onur/Desktop/is%20guc/Syracuse/GameEngine/src/gameengine/GameElementClasses/CivicChangeMission.java</file>
            <file>file:/C:/Users/onur/Desktop/is%20guc/Syracuse/GameEngine/src/gameengine/GameElementClasses/Dock.java</file>
            <file>file:/C:/Users/onur/Desktop/is%20guc/Syracuse/GameEngine/src/gameengine/GameElementClasses/Bakery.java</file>
            <file>file:/C:/Users/onur/Desktop/is%20guc/Syracuse/GameEngine/src/gameengine/GameElementClasses/Palace.java</file>
            <file>file:/C:/Users/onur/Desktop/is%20guc/Syracuse/GameEngine/src/gameengine/GameElementClasses/General.java</file>
        </group>
    </open-files>
</project-private>
